{"cameraMode":{"drawMode":0,"name":"Shaded","section":"Shading Mode"},"sceneLighting":true,"audioPlay":false,"sceneViewState":{"showFog":true,"showMaterialUpdate":false,"showSkybox":true,"showFlares":true,"showImageEffects":true,"showParticleSystems":true},"in2DMode":false,"pivot":{"x":-1.1843239068984986,"y":-12.166839599609375,"z":22.598981857299806},"rotation":{"x":0.15497919917106629,"y":0.13968046009540559,"z":-0.022142043337225915,"w":0.977746844291687},"size":49.92755889892578,"orthographic":false}