{"cameraMode":{"drawMode":0,"name":"Shaded","section":"Shading Mode"},"sceneLighting":true,"audioPlay":false,"sceneViewState":{"showFog":true,"showMaterialUpdate":false,"showSkybox":true,"showFlares":true,"showImageEffects":true,"showParticleSystems":true},"in2DMode":false,"pivot":{"x":52.119014739990237,"y":256.68585205078127,"z":84.42516326904297},"rotation":{"x":0.03418559581041336,"y":0.020452063530683519,"z":0.0006894677644595504,"w":-0.999316930770874},"size":18.20972442626953,"orthographic":false}