{"cameraMode":{"drawMode":0,"name":"Shaded","section":"Shading Mode"},"sceneLighting":true,"audioPlay":false,"sceneViewState":{"showFog":true,"showMaterialUpdate":false,"showSkybox":true,"showFlares":true,"showImageEffects":true,"showParticleSystems":true},"in2DMode":false,"pivot":{"x":5.2130126953125,"y":224.87408447265626,"z":91.57008361816406},"rotation":{"x":-0.21274574100971223,"y":0.5217610597610474,"z":-0.13611023128032685,"w":-0.8149553537368774},"size":89.25740814208985,"orthographic":false}