{"cameraMode":{"drawMode":0,"name":"Shaded","section":"Shading Mode"},"sceneLighting":true,"audioPlay":false,"sceneViewState":{"showFog":true,"showMaterialUpdate":false,"showSkybox":true,"showFlares":true,"showImageEffects":true,"showParticleSystems":true},"in2DMode":false,"pivot":{"x":84.91036224365235,"y":11.508906364440918,"z":21.717639923095704},"rotation":{"x":0.1564425230026245,"y":0.07104692608118057,"z":-0.011284626089036465,"w":0.9850670099258423},"size":7.237086772918701,"orthographic":false}