{"cameraMode":{"drawMode":0,"name":"Shaded","section":"Shading Mode"},"sceneLighting":true,"audioPlay":false,"sceneViewState":{"showFog":true,"showMaterialUpdate":false,"showSkybox":true,"showFlares":true,"showImageEffects":true,"showParticleSystems":true},"in2DMode":false,"pivot":{"x":159.19912719726563,"y":-175.64553833007813,"z":30.472393035888673},"rotation":{"x":0.30891066789627077,"y":0.5600066184997559,"z":-0.2365199625492096,"w":0.7314896583557129},"size":299.0809631347656,"orthographic":false}